id,title,created_at,updated_at,priority
24,Site Care,2013-01-24 00:21:11.094314+00,2013-01-25 00:05:22.045151+00,10
25,Laboratory,2013-01-24 00:25:00.012267+00,2013-01-25 00:05:29.018609+00,20
26,VCT Centre,2013-01-24 00:29:59.495668+00,2013-01-25 00:05:36.603981+00,30
22,Special Clinic,2013-01-24 00:18:54.530285+00,2013-01-25 00:05:44.41543+00,40
23,Clinic,2013-01-24 00:19:43.230236+00,2013-01-25 00:05:50.412822+00,50
21,Maternity Home,2013-01-24 00:18:52.22609+00,2013-01-25 00:05:58.006609+00,60
20,Health post,2013-01-24 00:17:50.069497+00,2013-01-25 00:06:05.214207+00,70
18,Hospital,2013-01-24 00:17:12.357617+00,2013-01-25 00:06:13.374426+00,80
17,Health Centre,2013-01-24 00:17:11.591236+00,2013-01-25 00:06:20.894589+00,90
16,Dispensary,2013-01-24 00:17:10.609931+00,2013-01-25 00:06:30.444966+00,100
19,Primary Home Care,2013-01-24 00:17:16.595861+00,2013-02-07 22:29:23.000934+00,1
27,Training Institution,2013-02-07 22:29:43.156491+00,2013-02-07 22:29:43.156536+00,0
